region,sales_manager,records,total_rev_target,total_rev_actual,avg_rev_attainment,avg_pipeline_coverage,total_ytd_actual
Central,Derek Walsh,96,11821000.0,11941278.723178575,1.0128,3.0305,75290200.00603667
East,Raj Patel,96,12602000.0,11883367.592013605,0.9544,3.1108,74404278.32165676
North,James Harrington,96,13874000.0,13590431.602287168,0.9755,3.0969,84258740.19068614
South,Sofia Mendez,96,11650000.0,11902700.682614485,1.0349,3.186,74942242.89046346
West,Lauren Kim,96,10916000.0,10698884.986047978,1.0017,3.1516,66768677.245920755
